时间,水温,pH,电导率,浊度,溶解氧,高锰酸盐指数,总磷,氨氮,总氮,叶绿素,蓝绿藻
01/01/2014,,,,,,,,,,,
01/02/2014,,,,,,,,,,,
01/03/2014,,,,,,,,,,,
01/04/2014,,,,,,,,,,,
01/05/2014,,,,,,,,,,,
01/06/2014,,,,,,,,,,,
01/07/2014,,,,,,,,,,,
01/08/2014,,,,,,,,,,,
01/09/2014,,,,,,,,,,,
01/10/2014,,,,,,,,,,,
01/11/2014,,,,,,,,,,,
01/12/2014,,,,,,,,,,,
01/13/2014,,,,,,,,,,,
01/14/2014,40.40,,40.00,40.40,,,,,,40.38,40.38
01/15/2014,,,,,,,,,,,
01/16/2014,12.60,6.90,132.00,14.30,6.64,2.20,0.09,0.15,1.75,12.43,691.93
01/17/2014,12.70,6.77,131.00,45.80,6.82,1.50,0.09,0.23,2.15,4.62,659.35
01/18/2014,12.60,6.79,131.00,38.40,7.24,1.60,0.10,0.18,2.01,4.71,697.14
01/19/2014,11.80,6.78,131.00,38.80,7.81,1.80,0.09,0.20,2.05,4.75,655.68
01/20/2014,12.70,6.84,131.00,23.20,7.09,1.90,0.10,0.14,2.34,4.79,761.99
01/21/2014,11.70,6.82,131.00,36.90,6.63,1.80,0.10,0.22,2.05,3.09,767.89
01/22/2014,11.30,6.83,131.00,72.80,5.74,1.70,0.09,0.30,2.01,0.83,733.15
01/23/2014,11.60,6.84,131.00,164.80,5.67,1.70,0.10,0.39,2.01,0.73,774.19
01/24/2014,12.20,6.78,130.00,94.10,,1.70,0.10,0.42,2.08,0.64,764.28
01/25/2014,12.30,6.76,130.00,158.50,,1.90,0.11,0.33,1.94,0.70,813.32
01/26/2014,12.50,6.70,129.00,102.70,,2.10,0.11,0.48,2.19,0.66,824.43
01/27/2014,13.20,6.72,129.00,120.30,,1.70,0.12,0.46,2.16,0.56,846.71
01/28/2014,13.90,6.75,130.00,59.30,,2.10,0.12,0.49,1.96,0.59,869.09
01/29/2014,14.60,6.73,131.00,20.20,,2.00,0.12,0.17,1.42,1.84,764.36
01/30/2014,15.00,6.69,131.00,21.10,,2.20,0.13,0.21,1.57,4.39,772.12
01/31/2014,15.80,6.72,131.00,24.30,,1.90,0.13,0.71,0.72,4.40,803.94
02/01/2014,16.40,6.84,131.00,31.70,,2.20,0.13,0.08,1.32,4.65,980.75
02/02/2014,16.50,6.82,132.00,30.50,,2.00,0.13,0.10,1.54,4.61,1155.31
02/03/2014,17.30,6.82,131.00,92.80,,5.30,0.08,0.10,3.11,4.37,1417.53
02/04/2014,14.50,6.75,131.00,58.10,,2.70,0.11,0.19,1.71,4.80,1507.44
02/05/2014,13.40,6.77,131.00,30.60,,6.10,0.11,0.23,1.71,4.88,1587.85
02/06/2014,15.70,6.74,131.00,37.80,,1.50,0.11,0.18,1.76,4.24,1362.68
02/07/2014,16.20,6.73,130.00,28.40,,1.70,0.10,0.11,1.08,4.74,1183.96
02/08/2014,13.50,6.76,126.00,12.20,,1.70,0.10,0.08,0.93,4.38,792.77
02/09/2014,12.10,6.78,123.00,11.10,,1.70,0.10,0.12,1.33,4.21,792.47
02/10/2014,11.10,6.86,122.00,11.50,,,0.11,0.15,1.03,4.25,792.03
02/11/2014,9.50,6.93,104.00,40.80,6.59,0.80,0.09,0.24,1.76,2.58,823.69
02/12/2014,12.50,7.01,118.00,55.80,8.12,1.60,0.09,0.56,3.57,0.48,580.18
02/13/2014,10.90,7.06,101.00,0.30,6.33,1.50,0.09,0.54,2.62,0.47,343.69
02/14/2014,10.90,7.05,119.00,0.30,5.99,1.30,0.09,0.57,3.44,0.49,305.93
02/15/2014,11.70,7.06,120.00,0.30,5.97,1.60,0.10,0.63,3.58,0.50,274.12
02/16/2014,11.70,7.05,120.00,0.30,5.86,1.30,0.12,0.75,3.62,0.51,275.16
02/17/2014,14.50,7.10,121.00,0.30,5.54,1.40,0.12,0.75,4.04,0.52,317.95
02/18/2014,13.30,7.11,120.00,0.30,5.76,1.60,0.12,0.66,3.41,0.53,297.17
02/19/2014,10.90,7.23,121.00,0.20,5.84,1.00,0.10,0.61,3.72,0.52,309.69
02/20/2014,11.90,7.36,121.00,0.20,5.99,1.50,0.09,0.56,3.63,0.49,352.21
02/21/2014,12.40,7.40,124.00,0.30,5.94,1.70,0.08,0.50,3.33,0.50,341.20
02/22/2014,13.90,7.43,126.00,0.30,5.95,1.20,0.09,0.44,3.77,0.50,377.24
02/23/2014,15.60,7.49,126.00,0.30,5.40,1.40,0.10,0.10,3.76,4.34,402.75
02/24/2014,14.60,7.52,125.00,0.20,5.21,1.20,0.10,0.09,3.41,4.35,449.00
02/25/2014,16.10,7.60,127.00,0.30,5.12,1.50,0.10,0.10,3.77,4.32,527.32
02/26/2014,17.10,7.70,132.00,0.50,5.07,2.80,0.11,0.08,3.68,4.38,1001.12
02/27/2014,17.70,7.75,127.00,0.20,5.18,1.70,0.12,0.07,3.91,4.46,887.45
02/28/2014,17.80,7.79,129.00,0.30,5.11,2.20,0.11,0.07,3.45,4.37,1128.55
03/01/2014,16.40,7.73,128.00,0.60,,1.80,0.12,0.07,2.73,4.52,1145.06
03/02/2014,,,,,,,,,,,
03/03/2014,,,,,,,,,,,
03/04/2014,,,,,,,,,,,
03/05/2014,14.00,7.70,112.00,0.20,,1.20,0.10,0.29,3.57,4.29,10449.68
03/06/2014,12.20,7.62,109.00,0.40,4.84,1.90,0.09,0.42,3.56,4.42,11914.91
03/07/2014,11.80,7.67,103.00,0.60,5.10,1.70,0.08,0.35,2.62,2.84,11659.72
03/08/2014,12.40,7.71,102.00,0.50,5.06,1.40,0.08,0.36,2.63,4.10,11231.30
03/09/2014,13.60,7.72,103.00,0.50,5.65,1.60,0.10,0.39,3.07,4.27,9520.76
03/10/2014,14.60,7.72,102.00,0.50,5.25,2.40,0.11,0.34,3.40,4.65,8017.76
03/11/2014,13.40,7.71,100.00,0.40,5.03,2.00,0.10,0.33,3.36,4.52,5471.85
03/12/2014,13.40,7.74,96.00,0.40,5.14,1.40,0.09,0.27,3.16,4.60,3245.63
03/13/2014,14.80,7.87,83.00,0.40,5.53,1.40,0.08,0.20,2.47,4.74,1802.29
03/14/2014,13.40,7.85,85.00,0.40,5.51,2.10,0.09,0.23,2.46,4.89,1191.20
03/15/2014,13.80,7.87,78.00,0.40,5.24,3.00,0.09,0.20,2.29,4.85,1097.20
03/16/2014,14.30,7.86,71.00,0.40,5.27,2.70,0.08,0.16,1.94,4.82,1071.73
03/17/2014,15.70,7.93,73.00,0.50,6.24,2.10,0.09,0.17,1.93,4.84,1064.95
03/18/2014,16.80,7.95,78.00,0.40,6.47,2.40,0.09,0.16,2.02,5.57,1006.59
03/19/2014,18.80,8.03,82.00,0.40,5.68,3.30,0.08,0.14,2.01,5.67,1314.40
03/20/2014,17.20,7.99,81.00,0.40,5.51,2.70,0.08,0.14,1.97,5.99,2696.02
03/21/2014,15.80,8.06,80.00,0.40,5.16,2.40,0.08,0.14,2.10,5.59,4009.42
03/22/2014,15.70,8.12,84.00,0.40,5.03,2.70,0.08,0.14,1.38,6.12,6111.77
03/23/2014,15.90,8.15,85.00,0.40,5.29,2.40,0.08,0.14,1.60,5.74,5318.45
03/24/2014,18.00,8.15,87.00,0.40,5.30,2.30,0.09,0.14,1.20,7.38,4531.81
03/25/2014,19.50,8.14,84.00,0.40,,2.60,0.10,0.14,0.07,6.49,4882.27
03/26/2014,20.20,8.19,82.00,0.50,,3.30,0.10,0.14,0.07,5.66,4908.82
03/27/2014,20.50,8.29,84.00,0.70,,3.30,0.10,0.14,0.07,4.86,6138.85
03/28/2014,20.70,8.28,84.00,1.70,5.13,3.10,0.10,0.14,1.57,4.78,6140.59
03/29/2014,17.00,8.51,72.00,3.40,6.39,4.20,0.10,0.26,1.63,3.75,407.45
03/30/2014,19.40,8.50,96.00,0.70,5.43,2.10,0.11,0.23,1.77,4.16,369.46
03/31/2014,17.40,8.47,85.00,0.90,5.30,2.60,0.11,0.15,1.48,4.14,434.46
04/01/2014,17.00,8.45,74.00,0.90,,1.80,0.11,0.14,1.31,4.10,438.69
04/02/2014,,,,,,,,,,,
04/03/2014,,,,,,,,,,,
04/04/2014,20.00,8.64,82.00,3.60,11.54,2.20,0.10,0.11,1.49,4.20,823.11
04/05/2014,19.90,8.62,75.00,2.90,,1.40,0.09,0.09,1.47,4.26,1150.43
04/06/2014,18.30,8.62,77.00,4.20,,2.20,0.07,0.07,1.43,4.45,1706.88
04/07/2014,17.50,8.65,76.00,3.00,11.78,1.60,0.07,0.09,1.40,4.09,2085.17
04/08/2014,18.80,8.72,78.00,3.30,10.81,1.50,0.07,0.08,1.46,4.65,4781.40
04/09/2014,20.30,8.88,87.00,3.80,,3.20,0.08,0.14,1.43,5.28,7180.31
04/10/2014,21.60,8.90,87.00,4.80,5.34,2.30,0.06,,1.31,5.62,9018.54
04/11/2014,21.20,7.76,82.00,4.00,6.46,2.00,0.07,0.05,1.37,6.57,5411.07
04/12/2014,23.10,6.22,81.00,2.70,6.32,2.80,0.09,,1.52,4.41,1093.01
04/13/2014,22.60,6.14,80.00,3.20,6.18,2.80,0.08,,1.49,4.32,1239.83
04/14/2014,20.60,5.94,81.00,1.40,5.93,3.00,0.08,0.11,1.49,4.17,1395.95
04/15/2014,19.00,5.88,78.00,1.80,6.34,1.80,0.08,0.14,1.53,4.12,1350.98
04/16/2014,24.00,5.89,82.00,1.00,6.18,2.30,0.06,0.09,4.69,4.04,1015.88
04/17/2014,24.20,5.87,86.00,0.90,6.10,3.10,0.09,0.07,1.50,3.59,908.60
04/18/2014,25.20,5.94,83.00,0.70,5.82,2.20,0.08,0.07,1.47,4.15,868.53
04/19/2014,25.60,5.92,83.00,0.60,5.74,2.00,0.10,0.09,1.50,4.16,704.12
04/20/2014,23.60,5.82,84.00,0.70,5.42,2.50,0.10,0.08,1.61,4.13,600.92
04/21/2014,23.30,5.91,98.00,0.70,5.11,3.30,0.10,0.14,1.69,4.23,710.39
04/22/2014,22.20,5.75,91.00,0.90,5.81,1.50,0.09,0.24,1.67,2.37,514.40
04/23/2014,19.90,5.81,94.00,0.50,5.93,1.70,0.09,0.22,1.73,3.70,681.56
04/24/2014,19.10,5.79,97.00,0.60,5.58,1.40,0.10,0.30,1.83,6.59,645.12
04/25/2014,20.90,5.81,89.00,0.50,5.62,0.80,0.10,0.28,1.90,4.47,521.62
04/26/2014,21.10,5.79,94.00,0.70,5.63,0.90,0.10,0.27,1.90,4.64,586.89
04/27/2014,21.90,5.91,79.00,1.30,5.89,1.20,0.12,0.24,1.78,5.05,1039.51
04/28/2014,21.80,6.09,74.00,3.40,7.57,2.00,0.15,0.14,1.26,4.54,2610.62
04/29/2014,21.40,6.15,69.00,3.30,7.44,2.60,0.13,0.10,1.16,5.18,2699.98
04/30/2014,19.80,6.06,63.00,3.60,6.73,1.70,0.12,0.11,1.14,4.76,2205.24
05/01/2014,19.10,6.05,63.00,4.60,6.25,1.50,0.12,0.12,1.11,4.91,2107.01
05/02/2014,23.40,6.26,67.00,3.30,5.97,2.20,0.12,0.09,1.17,6.92,2864.84
05/03/2014,22.30,6.25,73.00,3.70,5.64,2.90,0.12,0.08,1.13,6.98,2683.97
05/04/2014,22.20,6.20,74.00,4.10,5.59,2.70,0.10,0.13,1.22,9.17,2942.79
05/05/2014,20.00,6.11,73.00,2.90,5.53,1.30,0.10,0.22,1.36,11.22,3232.11
05/06/2014,20.40,6.24,78.00,5.10,5.56,1.50,0.10,0.09,1.45,5.55,2771.33
05/07/2014,20.00,6.24,81.00,4.00,5.42,1.00,0.09,0.18,1.52,5.71,2808.92
05/08/2014,22.20,6.31,88.00,3.80,5.27,0.90,0.09,0.15,1.53,6.15,3295.13
05/09/2014,21.10,6.36,94.00,5.50,4.25,3.00,0.08,0.31,1.44,5.41,3261.50
05/10/2014,22.00,6.26,87.00,4.70,5.67,1.50,0.08,0.91,1.50,5.12,3169.45
05/11/2014,23.70,6.38,87.00,2.80,7.60,2.30,0.08,0.99,1.48,4.25,1531.73
05/12/2014,23.60,6.38,91.00,4.20,7.93,3.10,0.08,0.99,1.43,4.89,1661.27
05/13/2014,23.90,6.41,90.00,5.20,5.59,1.90,0.08,1.00,1.48,5.39,1988.68
05/14/2014,24.40,6.36,85.00,4.60,5.47,1.20,0.08,1.00,1.45,5.27,1916.49
05/15/2014,24.30,6.45,75.00,4.90,5.67,,0.10,1.00,1.27,5.24,2392.34
05/16/2014,23.50,6.37,65.00,5.20,5.59,1.40,0.16,1.02,0.84,5.37,2555.91
05/17/2014,23.10,6.25,58.00,4.90,5.46,1.40,0.18,1.02,0.55,5.37,2645.68
05/18/2014,23.80,6.35,56.00,3.90,5.33,1.50,0.22,1.01,0.30,5.62,2976.62
05/19/2014,23.70,6.22,48.00,4.20,5.75,2.30,,0.78,0.03,4.81,2862.11
05/20/2014,24.20,7.31,47.00,3.20,6.04,3.90,,0.05,0.03,1.33,2067.51
05/21/2014,23.00,7.36,52.00,3.60,5.93,3.70,0.26,0.52,0.03,5.41,1977.98
05/22/2014,21.80,7.54,55.00,4.10,6.27,3.70,0.24,0.94,0.08,5.00,1648.05
05/23/2014,22.40,7.53,50.00,4.10,6.16,4.10,,0.94,0.03,5.35,2507.65
05/24/2014,23.30,7.64,46.00,4.00,6.01,3.10,,0.93,0.03,5.31,2191.85
05/25/2014,23.70,7.79,47.00,4.00,6.12,2.50,0.26,0.93,0.03,5.19,2035.60
05/26/2014,23.90,7.89,47.00,3.90,6.21,2.20,0.19,0.92,0.18,5.08,1728.96
05/27/2014,24.40,7.98,52.00,3.30,5.77,2.30,0.14,0.90,0.50,5.39,1896.02
05/28/2014,24.40,7.33,59.00,3.50,5.99,3.10,0.12,0.92,0.70,6.51,1728.29
05/29/2014,24.20,6.46,60.00,4.00,6.09,3.10,0.12,0.96,0.71,6.23,1868.41
05/30/2014,24.70,6.28,56.00,1.80,5.62,2.40,0.12,0.94,0.70,5.76,1135.23
05/31/2014,24.90,6.07,56.00,3.80,5.53,2.10,0.10,0.91,0.77,5.46,1029.11
06/01/2014,24.30,6.00,56.00,3.90,5.79,2.30,0.10,0.90,0.82,5.48,759.79
06/02/2014,25.80,6.17,63.00,4.60,5.94,2.30,0.10,0.85,0.85,4.83,1160.77
06/03/2014,25.70,6.10,59.00,3.60,5.98,2.20,0.10,0.84,0.85,4.58,1329.57
06/04/2014,24.50,5.94,55.00,4.80,6.86,1.30,0.10,0.84,0.75,3.10,2041.33
06/05/2014,25.60,6.00,56.00,2.70,5.97,2.40,0.10,0.81,0.82,1.30,1137.71
06/06/2014,25.00,5.94,57.00,3.50,6.21,2.40,0.10,0.79,0.80,4.44,1408.84
06/07/2014,25.30,5.93,59.00,3.70,6.02,3.20,0.11,0.76,0.76,4.45,1755.91
06/08/2014,26.40,6.02,65.00,4.50,5.67,4.80,0.11,0.76,0.81,4.49,2003.48
06/09/2014,26.50,6.02,64.00,3.90,5.61,3.40,0.09,0.75,0.92,4.44,1864.71
06/10/2014,27.10,6.23,63.00,4.30,5.13,3.90,0.09,0.69,0.98,4.33,1703.93
06/11/2014,26.50,6.21,66.00,5.90,4.90,4.00,0.10,0.49,0.92,2.99,2121.56
06/12/2014,26.90,6.40,66.00,2.50,5.59,2.40,0.09,0.20,0.93,0.22,1307.59
06/13/2014,26.60,5.59,69.00,2.40,5.67,3.10,0.08,0.84,0.92,0.20,1551.57
06/14/2014,27.50,5.57,70.00,3.10,6.03,3.20,0.08,0.82,0.94,1.29,2495.54
06/15/2014,26.80,5.44,73.00,2.50,5.39,2.60,0.08,0.81,0.98,4.34,2929.06
06/16/2014,26.50,6.89,73.00,2.40,5.25,2.70,0.07,0.86,1.02,2.81,2262.53
06/17/2014,11.10,3.08,29.00,0.80,0.00,1.70,0.08,0.90,1.05,0.06,307.25
06/18/2014,0.00,0.00,0.00,0.00,0.00,1.90,0.08,0.89,1.04,0.00,0.00
06/19/2014,0.00,0.00,0.00,0.00,0.00,2.30,0.09,0.86,1.06,0.00,0.00
06/20/2014,0.00,0.00,0.00,0.00,0.00,2.00,0.14,0.78,0.66,0.00,0.00
06/21/2014,19.50,5.09,50.00,1.20,4.17,2.60,0.37,0.76,0.03,1.31,1497.02
06/22/2014,26.50,6.88,68.00,1.60,5.87,2.40,0.24,0.74,0.03,2.11,2044.06
06/23/2014,25.40,6.62,60.00,2.50,5.79,2.30,0.21,0.72,0.03,1.53,1622.40
06/24/2014,24.50,6.38,48.00,2.00,5.23,1.80,0.16,0.70,0.29,3.72,895.83
06/25/2014,25.40,5.95,51.00,2.20,5.76,2.40,0.17,0.89,0.17,1.53,848.73
06/26/2014,25.90,6.56,57.00,1.20,6.84,2.10,0.17,0.89,0.32,0.09,616.56
06/27/2014,26.20,7.04,58.00,1.20,6.47,2.20,0.13,0.77,0.42,0.09,587.73
06/28/2014,26.40,7.68,56.00,2.30,7.24,2.00,0.11,0.81,0.54,0.14,666.30
06/29/2014,26.80,7.41,54.00,1.80,6.11,1.40,0.09,0.57,0.57,0.17,646.73
06/30/2014,27.20,7.49,57.00,2.40,7.21,1.80,0.09,0.96,0.69,0.17,555.21
07/01/2014,27.70,7.68,60.00,2.30,8.20,2.10,0.09,0.71,0.73,0.25,478.60
07/02/2014,27.70,7.74,62.00,1.90,8.46,2.20,0.11,,0.57,0.37,639.31
07/03/2014,28.10,7.73,61.00,1.70,8.16,2.50,0.10,,0.64,0.55,937.06
07/04/2014,28.70,7.76,63.00,1.90,7.38,2.70,0.09,,0.76,4.83,1394.01
07/05/2014,29.20,7.82,63.00,1.90,6.67,2.40,0.09,,0.84,5.08,2022.58
07/06/2014,29.70,7.91,66.00,2.00,5.05,2.60,0.08,,0.92,5.05,1900.62
07/07/2014,29.20,7.65,66.00,2.30,5.75,2.80,0.08,,0.97,5.25,1586.47
07/08/2014,29.60,7.41,65.00,4.80,5.25,2.30,0.07,,0.99,2.59,993.77
07/09/2014,30.00,7.53,67.00,3.40,4.88,2.10,0.07,,1.02,0.17,720.33
07/10/2014,,,,,,,,,,,
07/11/2014,30.70,7.53,69.00,3.60,5.90,1.60,0.07,,1.06,0.30,945.35
07/12/2014,30.70,7.56,70.00,3.40,6.33,2.70,0.07,,1.10,0.36,1044.65
07/13/2014,31.10,7.58,71.00,4.40,6.73,2.50,0.06,,1.05,0.40,1442.67
07/14/2014,29.60,7.49,74.00,3.90,6.24,2.30,0.06,,1.09,0.36,1747.46
07/15/2014,29.70,7.30,76.00,2.70,5.94,2.10,0.08,0.05,1.16,0.27,939.20
07/16/2014,30.20,6.97,78.00,3.70,6.58,2.70,0.08,,1.13,0.14,929.89
07/17/2014,30.90,7.08,80.00,1.80,5.33,3.80,0.08,,1.10,0.19,786.24
07/18/2014,31.20,7.70,73.00,2.40,6.25,3.00,0.07,0.72,1.05,0.90,1597.31
07/19/2014,31.40,8.21,74.00,1.40,7.46,3.00,0.06,0.89,1.06,4.28,1338.70
07/20/2014,31.50,7.97,72.00,1.20,7.11,3.00,0.05,0.88,1.04,4.24,1444.08
07/21/2014,31.70,7.57,74.00,3.10,6.32,2.90,0.06,0.55,1.09,2.50,1529.71
07/22/2014,31.40,7.61,78.00,3.80,4.95,2.80,0.06,0.06,1.13,0.27,1143.11
07/23/2014,28.80,7.17,80.00,2.50,5.89,2.30,0.06,0.09,1.15,0.26,690.07
07/24/2014,28.20,7.07,79.00,0.70,4.93,1.50,0.07,0.14,1.17,0.14,534.74
07/25/2014,29.10,7.10,82.00,0.90,5.27,1.30,0.10,0.16,1.23,0.16,495.88
07/26/2014,29.20,7.19,80.00,1.80,5.39,1.80,0.10,0.11,1.16,2.77,558.27
07/27/2014,29.10,7.49,73.00,0.80,6.34,1.50,0.08,,1.10,4.25,574.38
07/28/2014,29.20,6.90,71.00,3.40,7.46,2.30,0.09,,1.01,0.25,1832.36
07/29/2014,30.00,7.49,66.00,2.00,6.25,2.10,0.06,0.29,1.02,0.32,762.58
07/30/2014,30.00,7.62,64.00,1.40,5.77,2.10,0.06,0.79,1.00,0.35,697.17
07/31/2014,30.60,7.57,63.00,2.60,5.65,2.10,0.06,0.46,0.99,0.30,1064.35
08/01/2014,30.50,7.46,65.00,3.60,5.75,2.00,0.06,0.94,1.02,0.24,849.90
08/02/2014,30.70,7.56,64.00,2.70,5.69,2.00,0.06,0.97,1.02,0.33,1161.13
08/03/2014,31.10,7.69,62.00,2.90,5.76,1.30,0.06,0.87,1.06,2.01,2037.98
08/04/2014,30.90,7.36,67.00,3.10,5.52,1.60,0.07,0.94,1.15,5.23,1975.39
08/05/2014,31.30,7.32,68.00,2.60,5.71,0.90,0.07,0.47,1.17,5.83,1345.41
08/06/2014,30.50,7.23,72.00,3.50,5.72,1.00,0.07,0.06,1.20,4.07,578.34
08/07/2014,30.80,7.33,72.00,3.00,5.85,0.50,0.08,0.37,1.18,4.27,407.35
08/08/2014,30.80,7.33,72.00,3.40,5.94,0.50,0.08,0.86,1.21,4.47,620.55
08/09/2014,31.00,7.35,72.00,3.50,5.85,0.90,0.08,0.85,1.21,5.36,697.54
08/10/2014,30.70,7.29,75.00,3.10,6.01,0.80,0.07,0.85,1.20,5.09,890.78
08/11/2014,31.20,7.34,77.00,3.60,5.89,1.70,0.08,0.46,1.18,2.67,1362.19
08/12/2014,30.50,7.34,79.00,2.70,5.74,1.90,0.08,0.09,1.21,0.30,1218.09
08/13/2014,29.30,7.24,79.00,4.00,5.90,1.80,0.10,0.09,1.21,0.47,2042.11
08/14/2014,29.80,7.20,82.00,2.90,5.90,1.50,0.10,0.10,1.24,0.66,2410.73
08/15/2014,30.00,7.18,83.00,2.30,5.94,1.60,0.10,0.16,1.26,0.66,2268.77
08/16/2014,30.90,7.27,79.00,1.00,5.82,1.40,0.09,0.56,1.15,0.98,1347.62
08/17/2014,30.50,7.21,75.00,1.40,5.94,1.60,0.08,0.81,1.10,0.75,1105.79
08/18/2014,30.00,7.21,71.00,2.40,6.01,1.60,0.07,0.42,1.04,0.77,969.04
08/19/2014,29.30,7.33,71.00,2.30,5.84,1.50,0.07,0.05,1.06,0.34,745.33
08/20/2014,27.80,7.33,69.00,1.30,5.99,1.50,0.12,0.07,0.77,0.37,686.13
08/21/2014,27.40,7.23,59.00,2.20,6.06,2.70,,0.09,1.60,1.13,2458.15
08/22/2014,27.50,7.30,56.00,1.40,6.02,2.40,0.46,0.06,3.20,1.19,2702.27
08/23/2014,28.00,7.36,57.00,0.70,5.97,2.00,0.32,,0.03,0.94,2308.84
08/24/2014,28.10,7.43,56.00,1.00,5.84,1.80,0.22,0.60,0.03,0.66,2248.91
08/25/2014,29.00,7.60,56.00,0.50,5.93,1.60,0.14,,0.26,0.60,2274.31
08/26/2014,28.20,7.63,56.00,0.70,6.00,1.50,0.12,,0.42,0.52,2255.89
08/27/2014,28.40,7.63,59.00,0.70,5.94,1.40,0.11,,0.53,0.36,2492.75
08/28/2014,28.60,7.53,62.00,1.10,5.92,1.20,0.09,,0.71,0.36,2223.94
08/29/2014,28.60,7.38,66.00,1.40,5.80,1.20,0.10,0.05,0.67,2.81,2061.31
08/30/2014,28.50,7.40,67.00,2.60,6.17,1.30,0.09,,0.79,4.24,1678.26
08/31/2014,29.30,7.41,68.00,3.00,5.96,1.20,0.09,,0.74,4.24,1536.06
09/01/2014,29.70,7.30,73.00,4.30,5.95,1.10,0.10,,0.73,3.77,1293.26
09/02/2014,30.10,7.14,73.00,,5.83,1.00,0.09,,0.80,2.68,606.66
09/03/2014,28.70,7.02,66.00,,5.85,1.00,0.10,,0.75,1.56,818.08
09/04/2014,27.40,6.91,61.00,,5.91,0.80,0.09,0.06,0.89,1.49,516.58
09/05/2014,28.20,7.01,74.00,,5.94,0.80,0.08,0.05,0.94,0.38,770.78
09/06/2014,29.60,6.72,74.00,,6.03,0.60,0.08,,0.95,0.11,375.87
09/07/2014,29.90,6.80,74.00,,5.96,0.60,0.07,,0.92,0.17,417.68
09/08/2014,30.40,6.76,74.00,,5.89,0.70,0.06,,0.90,2.61,446.41
09/09/2014,30.70,7.07,72.00,,5.80,1.20,0.06,,0.88,4.22,750.56
09/10/2014,29.90,6.42,74.00,,5.87,0.70,0.05,,0.91,4.23,945.38
09/11/2014,21.20,3.55,55.00,0.00,5.94,0.70,0.05,,0.72,3.03,960.10
09/12/2014,30.20,6.42,78.00,,6.15,1.00,0.07,,1.00,2.11,1027.23
09/13/2014,30.30,6.50,78.00,,6.01,1.20,0.06,0.06,0.99,1.22,857.65
09/14/2014,29.30,6.57,77.00,,6.01,1.40,0.06,0.08,0.92,0.22,955.04
09/15/2014,25.10,6.50,69.00,8.40,5.94,1.30,0.06,0.06,0.98,0.17,607.83
09/16/2014,29.80,6.26,80.00,,5.92,1.10,0.07,0.06,1.03,1.12,828.54
09/17/2014,30.60,6.00,80.00,,6.03,1.00,0.07,0.07,1.10,4.06,719.59
09/18/2014,30.90,6.16,78.00,,5.91,1.00,0.07,0.07,1.12,4.21,387.21
09/19/2014,30.80,6.04,78.00,,6.03,1.00,0.07,0.06,1.13,4.35,466.41
09/20/2014,27.80,5.92,79.00,,5.97,3.70,0.08,0.08,1.18,4.37,502.89
09/21/2014,26.50,5.89,80.00,,5.96,3.80,0.09,0.08,1.18,4.30,785.83
09/22/2014,27.40,6.56,77.00,,5.98,2.00,0.08,0.07,1.19,2.30,873.15
09/23/2014,28.10,6.92,74.00,,5.93,1.40,0.09,0.09,1.26,1.72,904.05
09/24/2014,27.80,6.45,74.00,7.50,5.24,1.20,0.09,0.08,1.25,4.05,981.05
09/25/2014,28.90,6.52,75.00,4.60,6.10,1.50,0.09,0.08,1.28,4.04,743.15
09/26/2014,29.10,6.70,74.00,,6.79,1.40,0.08,0.06,1.21,4.02,1129.05
09/27/2014,29.50,6.98,73.00,,6.26,1.30,0.08,0.06,1.20,4.32,969.27
09/28/2014,26.20,6.15,67.00,0.00,6.44,0.80,0.07,0.06,1.02,3.02,819.63
09/29/2014,29.90,6.03,75.00,8.10,9.05,0.60,0.07,0.07,1.17,4.35,1295.31
09/30/2014,29.40,6.33,73.00,,7.93,0.90,0.07,0.08,1.15,4.24,1368.48
10/01/2014,29.00,7.10,69.00,12.80,5.64,1.50,0.08,0.25,1.19,5.00,1398.89
10/02/2014,24.00,6.44,39.00,23.10,6.42,0.80,0.01,0.05,0.27,0.99,859.97
10/03/2014,26.90,7.15,75.00,8.80,5.44,1.80,0.07,0.12,1.10,4.06,1599.14
10/04/2014,27.00,7.22,78.00,8.80,5.67,2.30,0.06,0.13,1.17,3.92,1331.68
10/05/2014,26.70,7.15,70.00,8.10,5.29,1.90,0.08,0.12,1.10,4.00,1488.11
10/06/2014,27.50,6.66,82.00,13.90,5.07,2.10,0.06,0.10,1.09,2.44,882.33
10/07/2014,26.50,6.55,82.00,,6.08,1.20,0.07,0.07,1.27,0.17,971.42
10/08/2014,26.00,6.44,81.00,8.50,6.10,1.50,0.08,0.06,1.23,0.14,1671.81
10/09/2014,25.30,6.33,80.00,47.70,6.93,1.20,0.07,0.06,1.26,0.17,855.74
10/10/2014,26.20,6.39,81.00,75.40,7.99,1.20,0.08,0.05,1.26,0.19,561.42
10/11/2014,26.20,6.21,80.00,90.60,5.30,1.20,0.06,0.06,1.28,0.29,462.05
10/12/2014,25.80,6.14,81.00,56.50,6.14,1.30,0.06,0.06,1.29,3.83,423.05
10/13/2014,25.20,6.21,82.00,61.20,7.07,1.20,0.07,0.06,1.28,3.20,607.87
10/14/2014,24.30,6.27,83.00,68.10,8.15,0.90,0.08,0.06,1.27,4.00,734.82
10/15/2014,24.20,6.29,83.00,58.20,8.21,1.10,0.07,0.06,1.30,4.06,276.73
10/16/2014,24.30,6.40,83.00,47.00,8.06,0.90,0.09,0.06,1.40,2.14,356.57
10/17/2014,22.70,6.79,83.00,40.00,8.41,0.80,0.08,0.06,1.32,0.23,444.43
10/18/2014,23.40,6.75,83.00,51.80,8.33,0.80,0.07,0.06,1.29,0.34,451.65
10/19/2014,24.10,6.80,84.00,47.50,8.19,0.90,0.06,0.06,1.30,0.76,434.33
10/20/2014,24.60,6.84,84.00,36.70,7.89,1.00,0.06,0.06,1.30,4.02,383.05
10/21/2014,25.40,6.92,84.00,31.60,8.55,0.90,0.07,0.06,1.33,6.25,541.89
10/22/2014,24.50,6.61,86.00,37.70,7.50,2.80,0.08,0.06,1.38,4.05,619.41
10/23/2014,24.40,6.76,88.00,44.70,8.78,1.90,0.08,0.06,1.40,0.15,1368.13
10/24/2014,23.30,6.71,76.00,55.30,11.42,1.40,0.08,0.06,1.41,0.16,753.95
10/25/2014,24.60,6.14,55.00,39.50,11.11,1.30,0.07,0.09,1.13,0.15,936.89
10/26/2014,24.40,6.72,87.00,34.90,11.18,1.40,0.07,0.06,1.44,0.14,907.32
10/27/2014,24.50,6.93,86.00,27.30,8.25,1.20,0.07,0.05,1.37,0.62,784.17
10/28/2014,23.80,7.10,87.00,33.10,9.40,1.10,0.07,0.05,1.49,0.15,656.97
10/29/2014,24.00,6.84,77.00,43.10,11.34,0.70,0.07,0.06,1.50,0.12,480.54
10/30/2014,25.50,6.83,89.00,39.60,8.33,0.90,0.07,0.06,1.57,0.17,1044.34
10/31/2014,24.90,6.89,89.00,41.60,10.48,0.70,0.08,0.05,1.58,0.14,736.17
11/01/2014,25.80,7.04,90.00,51.40,9.14,0.60,0.08,0.05,1.57,0.14,500.48
11/02/2014,23.50,7.03,87.00,45.00,6.91,1.00,0.07,0.05,1.52,0.18,615.18
11/03/2014,22.10,6.82,91.00,39.50,6.89,1.50,0.08,0.06,1.59,4.07,805.77
11/04/2014,21.90,6.75,91.00,47.90,6.85,1.00,0.08,,1.64,4.05,309.15
11/05/2014,21.90,6.68,91.00,29.50,6.82,0.70,0.08,,1.60,4.06,375.47
11/06/2014,22.40,6.61,91.00,62.40,6.53,0.70,0.08,,1.66,4.17,341.00
11/07/2014,21.60,6.60,92.00,32.20,6.33,,0.09,,1.70,4.23,421.91
11/08/2014,20.50,6.72,94.00,54.80,6.19,0.80,0.09,,1.71,2.24,557.80
11/09/2014,21.40,6.80,95.00,52.10,5.95,1.30,0.09,,1.74,0.14,873.93
11/10/2014,21.80,6.73,94.00,46.50,6.14,1.00,0.09,,1.73,0.12,755.03
11/11/2014,21.50,6.66,94.00,30.10,5.71,0.70,0.09,,1.73,0.12,546.39
11/12/2014,20.10,6.69,94.00,37.00,6.32,0.70,0.09,,1.78,0.13,392.08
11/13/2014,19.40,6.73,96.00,34.10,6.38,1.20,0.09,,1.76,0.13,317.94
11/14/2014,19.50,6.77,97.00,31.30,6.35,1.30,0.09,,1.77,0.13,324.56
11/15/2014,18.90,6.67,98.00,44.00,5.33,0.80,0.09,,1.80,0.17,2181.59
11/16/2014,20.00,6.70,101.00,35.10,9.15,0.50,0.10,,1.77,0.14,841.48
11/17/2014,20.00,6.70,101.00,37.30,9.57,,0.10,,1.80,0.13,460.78
11/18/2014,20.20,6.81,102.00,42.00,8.41,0.60,0.10,,1.82,0.14,401.94
11/19/2014,18.90,6.79,101.00,41.60,7.69,0.90,0.10,,1.76,0.22,368.55
11/20/2014,19.60,6.67,101.00,42.30,8.72,1.10,0.10,,1.82,0.24,343.22
11/21/2014,20.80,6.69,101.00,53.00,8.38,1.20,0.10,,1.81,0.31,336.91
11/22/2014,21.00,6.64,101.00,67.70,7.34,1.30,0.09,0.05,1.76,2.30,266.50
11/23/2014,22.00,6.49,100.00,39.70,7.20,1.20,0.09,0.05,1.75,4.32,291.16
11/24/2014,22.00,6.49,100.00,57.80,7.91,1.60,0.09,0.06,1.74,4.42,324.56
11/25/2014,21.80,6.48,100.00,36.90,10.54,1.60,0.08,0.05,1.70,4.59,377.85
11/26/2014,22.40,6.75,102.00,34.30,8.61,1.50,0.09,,1.75,1.56,951.18
11/27/2014,22.00,6.76,99.00,32.70,,1.70,0.08,,1.75,0.79,696.73
11/28/2014,21.50,6.74,100.00,37.90,8.19,1.50,0.08,,1.76,1.15,742.07
11/29/2014,22.90,6.88,101.00,31.50,8.76,1.70,0.08,,1.77,0.44,893.39
11/30/2014,21.90,6.86,100.00,38.40,7.72,1.60,0.08,,1.79,0.46,489.37
12/01/2014,19.60,6.92,100.00,33.20,7.72,4.20,0.09,,1.79,0.43,383.05
12/02/2014,18.60,6.96,98.00,37.10,7.89,2.60,0.09,0.06,1.87,0.28,467.55
12/03/2014,18.10,7.04,95.00,35.10,8.10,2.10,0.09,0.06,1.87,0.20,893.49
12/04/2014,16.00,6.97,98.00,34.10,8.56,3.50,0.09,0.07,1.88,0.18,1102.40
12/05/2014,15.90,7.04,100.00,33.00,8.49,1.70,0.08,0.08,1.88,0.14,571.86
12/06/2014,15.90,7.08,101.00,31.40,8.52,1.50,0.08,0.08,1.91,0.14,492.02
12/07/2014,16.00,7.05,101.00,43.10,8.89,1.30,0.08,0.08,1.91,0.14,386.57
12/08/2014,17.40,6.99,102.00,56.00,8.68,1.20,0.09,0.08,1.93,0.14,354.36
12/09/2014,16.50,6.96,101.00,59.50,9.13,1.20,0.09,0.07,1.93,0.13,313.68
12/10/2014,17.10,6.95,102.00,51.50,9.48,0.90,0.10,0.07,1.99,0.13,318.62
12/11/2014,16.80,6.95,102.00,46.70,9.81,0.70,0.10,0.06,2.00,0.13,254.11
12/12/2014,15.80,7.02,106.00,43.20,9.77,0.90,0.10,0.07,2.06,0.14,341.64
12/13/2014,14.00,7.04,107.00,39.80,8.60,0.70,0.09,0.07,2.14,0.14,340.23
12/14/2014,14.40,7.04,105.00,33.40,8.51,0.60,0.08,0.05,2.09,0.15,388.86
12/15/2014,15.60,6.95,103.00,32.30,8.44,,0.09,0.05,1.97,0.16,307.24
12/16/2014,15.60,7.03,104.00,30.10,8.55,,0.09,0.05,2.07,0.18,298.01
12/17/2014,13.20,7.07,105.00,37.60,8.46,,0.08,0.05,2.03,0.19,344.09
12/18/2014,12.90,6.97,106.00,45.50,8.81,0.60,0.08,0.09,2.08,0.17,505.11
12/19/2014,12.30,6.75,104.00,38.10,8.75,,0.08,0.07,2.29,0.14,434.60
12/20/2014,12.60,6.76,106.00,31.60,8.63,,0.09,0.07,2.26,0.12,476.25
12/21/2014,12.30,6.76,106.00,34.30,8.71,,0.09,0.07,2.27,0.12,388.42
12/22/2014,12.00,6.80,109.00,40.30,8.16,,0.09,0.07,2.34,0.13,411.64
12/23/2014,12.30,6.81,109.00,34.80,7.74,,0.09,0.07,2.37,2.55,286.67
12/24/2014,,,59.00,17.50,4.09,0.50,0.05,0.05,1.27,2.12,119.47
12/25/2014,15.90,6.69,111.00,25.70,7.68,1.10,0.10,0.07,2.45,4.01,439.63
12/26/2014,15.00,6.60,110.00,28.80,7.75,0.80,0.10,0.07,2.42,4.03,338.92
12/27/2014,14.00,6.60,110.00,27.60,7.86,0.80,0.10,0.07,2.42,4.05,285.69
12/28/2014,14.00,6.58,110.00,38.60,7.70,0.50,0.10,0.07,2.45,4.10,339.36
12/29/2014,7.80,3.84,63.00,18.80,6.40,0.50,0.05,0.05,1.76,1.89,199.38
12/30/2014,11.90,6.78,111.00,52.50,7.26,,0.09,0.07,2.42,3.95,568.23
12/31/2014,12.80,6.68,110.00,76.80,7.20,0.80,0.09,0.08,2.43,0.18,866.31
01/01/2015,12.80,6.57,110.00,40.40,7.25,0.90,0.09,0.08,2.43,0.17,895.48
01/02/2015,10.80,6.59,110.00,39.40,7.31,0.90,0.09,0.08,2.46,0.17,322.07
01/03/2015,13.80,6.61,110.00,44.50,7.27,1.40,0.09,0.08,2.44,0.17,350.16
01/04/2015,13.60,6.64,110.00,42.20,7.18,1.70,0.09,0.08,2.46,0.17,296.13
01/05/2015,13.50,6.54,110.00,37.80,7.17,1.70,0.09,0.08,2.50,0.19,256.26
01/06/2015,16.60,6.64,112.00,43.10,7.32,1.90,0.10,0.08,2.53,0.19,262.20
01/07/2015,12.60,6.47,111.00,35.60,7.28,2.30,0.10,0.08,2.51,0.22,285.02
01/08/2015,13.10,6.63,112.00,40.10,7.29,2.10,0.09,0.08,2.49,0.24,307.37
01/09/2015,12.70,6.65,112.00,38.00,7.32,1.80,0.09,0.08,2.52,0.25,314.96
01/10/2015,12.90,6.58,111.00,41.70,7.32,1.30,0.09,0.08,2.51,0.29,326.23
01/11/2015,14.20,6.65,112.00,37.70,7.09,1.30,0.09,0.08,2.52,0.35,348.65
01/12/2015,12.70,6.52,111.00,43.40,7.29,1.10,0.09,0.08,2.54,0.35,394.39
01/13/2015,10.80,6.47,111.00,34.90,7.17,1.30,0.08,0.09,2.49,0.35,424.30
01/14/2015,12.50,6.74,117.00,25.40,7.14,1.20,0.09,0.09,2.57,0.86,448.20
01/15/2015,11.70,7.23,132.00,17.60,6.92,1.50,0.09,0.10,2.56,4.06,677.10
01/16/2015,13.50,7.31,130.00,35.30,6.95,2.00,0.09,0.09,2.57,3.60,1902.23
01/17/2015,12.60,7.27,132.00,38.30,6.78,3.70,0.09,0.09,2.55,4.06,1080.56
01/18/2015,12.40,7.28,132.00,40.10,7.05,3.60,0.09,0.09,2.57,4.09,785.84
01/19/2015,12.70,7.14,132.00,45.90,6.89,3.30,0.09,0.09,2.54,4.04,426.68
01/20/2015,11.70,7.15,132.00,34.00,7.78,2.40,0.09,0.09,2.62,2.18,552.82
01/21/2015,13.30,6.79,130.00,34.40,7.40,0.90,0.11,0.07,2.53,0.26,799.73
01/22/2015,12.50,6.44,127.00,37.40,9.82,,0.11,0.08,2.46,0.25,1146.27
01/23/2015,12.20,6.57,127.00,42.00,7.49,,0.10,0.08,2.44,0.27,582.90
01/24/2015,14.10,6.62,128.00,40.70,7.49,,0.11,0.08,2.49,0.30,470.98
01/25/2015,14.80,6.61,128.00,46.40,7.48,,0.11,0.07,2.50,0.44,537.56
01/26/2015,15.60,6.61,129.00,43.50,7.50,,0.11,0.07,2.49,0.46,476.04
01/27/2015,15.10,6.60,128.00,64.10,7.50,0.70,0.11,0.07,2.49,0.49,509.47
01/28/2015,13.50,6.58,130.00,48.80,7.62,1.00,0.11,0.08,2.53,0.44,465.34
01/29/2015,15.20,6.50,131.00,53.40,7.54,0.80,0.11,0.09,2.54,0.33,401.04
01/30/2015,13.10,6.16,131.00,57.40,7.47,1.30,0.11,0.12,2.64,0.38,434.87
01/31/2015,13.30,6.26,130.00,49.70,7.52,0.80,0.11,0.16,2.56,0.35,566.07
02/01/2015,11.80,6.40,133.00,50.70,7.48,1.30,0.10,0.21,2.66,0.28,976.45
02/02/2015,13.10,6.39,133.00,57.20,7.52,1.30,0.11,0.23,2.63,0.23,768.92
02/03/2015,13.80,6.11,132.00,53.10,7.54,1.50,0.11,0.22,2.69,0.19,302.94
02/04/2015,12.50,6.29,132.00,65.30,7.55,1.10,0.11,0.24,2.72,0.20,200.08
02/05/2015,11.60,6.90,134.00,33.40,7.48,0.90,0.11,0.29,2.74,0.52,778.63
02/06/2015,11.80,6.68,136.00,43.00,7.39,1.20,0.10,0.23,2.73,1.52,3091.30
02/07/2015,11.60,6.61,138.00,22.40,7.34,1.50,0.10,0.25,2.72,1.39,2287.14
02/08/2015,14.20,6.47,138.00,1.20,7.16,1.50,0.11,0.15,2.78,1.04,1845.89
02/09/2015,12.50,6.93,136.00,37.90,7.46,1.50,0.11,0.24,2.66,1.10,1647.34
02/10/2015,11.30,6.90,136.00,43.40,7.52,1.70,0.10,0.29,2.59,1.20,1591.25
02/11/2015,11.80,6.85,134.00,41.90,7.54,1.80,0.10,0.25,2.55,1.30,1568.80
02/12/2015,12.70,6.92,132.00,40.90,7.51,1.80,0.10,0.21,2.43,1.44,1673.39
02/13/2015,12.40,6.87,128.00,43.70,7.50,1.60,0.09,0.19,2.27,1.47,1643.49
02/14/2015,12.40,6.88,125.00,48.30,7.55,1.60,0.08,0.16,2.19,1.69,1660.26
02/15/2015,12.90,6.79,123.00,50.10,7.58,1.40,0.08,0.17,2.17,1.87,1756.35
02/16/2015,15.40,6.77,125.00,41.50,7.56,1.50,0.08,0.15,2.07,1.44,1778.91
02/17/2015,15.50,6.89,124.00,53.70,7.53,1.40,0.08,0.13,2.06,1.56,2027.19
02/18/2015,15.70,6.85,127.00,46.00,7.51,1.10,0.09,0.13,2.13,1.74,2471.77
02/19/2015,15.50,6.92,129.00,45.70,7.52,1.10,0.09,0.14,2.25,2.03,2093.02
02/20/2015,13.30,6.89,126.00,59.30,7.51,1.30,0.10,0.15,2.35,2.09,1773.39
02/21/2015,14.00,6.85,127.00,52.50,7.52,1.00,0.10,0.15,2.42,2.53,1774.27
02/22/2015,16.00,6.82,131.00,45.10,7.52,2.30,0.10,0.14,2.30,2.13,1764.01
02/23/2015,15.90,6.84,132.00,61.00,7.44,3.10,0.10,0.15,2.28,1.69,1696.41
02/24/2015,16.80,6.87,134.00,40.50,7.52,1.00,0.11,0.14,2.42,1.71,1796.56
02/25/2015,18.40,6.87,134.00,44.20,7.49,1.10,0.13,0.13,2.45,1.80,1933.91
02/26/2015,14.70,5.81,113.00,55.80,7.45,1.20,0.13,0.14,2.42,1.86,1681.79
02/27/2015,15.30,6.84,128.00,64.20,7.54,1.20,0.12,0.17,2.33,2.05,1941.98
02/28/2015,16.40,6.78,125.00,59.80,7.57,1.20,0.12,0.17,2.40,1.45,1885.89
03/01/2015,13.40,6.74,118.00,50.40,7.53,1.20,0.11,0.15,2.22,1.52,1773.91
03/02/2015,13.20,6.75,113.00,50.60,7.51,1.00,0.11,0.14,2.17,1.67,1845.16
03/03/2015,13.90,6.95,109.00,33.80,7.48,1.00,0.11,0.14,2.16,1.17,2047.86
03/04/2015,12.60,7.29,105.00,33.30,7.38,,0.10,0.15,2.29,0.77,2465.36
03/05/2015,10.90,7.21,104.00,28.90,7.46,,0.09,0.14,2.34,1.73,2352.14
03/06/2015,12.40,7.12,104.00,43.20,7.41,,0.09,0.14,2.48,0.50,2528.91
03/07/2015,13.80,7.08,106.00,26.70,7.41,,0.11,0.15,2.56,0.87,3530.52
03/08/2015,14.20,7.01,111.00,36.00,7.44,,0.13,0.18,2.86,0.48,1950.05
03/09/2015,16.90,7.07,111.00,61.40,7.41,,0.13,0.16,2.79,0.68,1579.90
03/10/2015,13.10,7.03,103.00,29.40,7.47,,0.11,0.14,2.51,0.41,1610.10
03/11/2015,11.10,7.04,95.00,49.20,7.48,,0.09,0.13,2.41,0.76,1571.98
03/12/2015,13.00,7.10,94.00,34.00,7.45,,0.09,0.13,2.31,0.48,1708.59
03/13/2015,14.80,7.15,99.00,24.50,7.48,0.80,0.09,0.11,2.33,0.83,1736.51
03/14/2015,14.30,7.05,96.00,23.10,7.42,0.70,0.09,0.11,2.27,0.64,1737.00
03/15/2015,16.20,7.11,96.00,54.70,7.46,,0.09,0.11,2.26,4.07,1885.58
03/16/2015,17.60,7.03,95.00,27.30,7.49,0.60,0.09,0.10,2.17,3.74,1831.98
03/17/2015,17.80,7.01,95.00,31.20,7.48,,0.10,0.10,2.14,2.86,1835.99
03/18/2015,19.90,6.19,91.00,34.70,7.03,2.00,0.11,0.11,2.07,1.65,1891.41
03/19/2015,20.20,6.09,78.00,73.70,7.76,0.90,0.11,0.10,1.93,3.73,2423.75
03/20/2015,21.00,6.13,73.00,67.00,7.41,1.50,0.09,0.08,1.82,2.78,1958.80
03/21/2015,19.80,6.05,71.00,80.50,8.81,1.40,0.08,0.08,1.81,2.79,1822.08
03/22/2015,18.20,6.04,72.00,63.30,8.43,1.40,0.09,0.08,1.85,3.03,1852.66
03/23/2015,14.30,6.10,71.00,76.30,6.90,1.40,0.10,0.08,1.88,3.24,1658.07
03/24/2015,15.40,6.68,74.00,46.90,7.00,1.50,0.11,0.08,2.01,3.05,2050.26
03/25/2015,14.90,6.50,77.00,79.20,6.90,1.30,0.11,0.08,2.07,2.74,1901.72
03/26/2015,14.40,6.46,79.00,43.80,6.95,1.30,0.10,0.08,2.10,2.65,1612.86
03/27/2015,16.70,6.49,82.00,82.40,6.97,1.20,0.11,0.08,2.18,2.72,1571.67
03/28/2015,17.50,6.49,84.00,66.60,7.00,1.10,0.10,0.08,1.85,2.90,1594.01
03/29/2015,19.20,6.54,96.00,43.50,6.95,,0.10,0.08,2.21,3.28,1633.44
03/30/2015,20.80,6.50,100.00,65.90,6.93,,0.10,0.08,2.18,4.17,1596.46
03/31/2015,22.50,6.52,96.00,76.00,7.00,0.70,0.09,0.07,1.89,5.23,1667.08
04/01/2015,23.90,6.65,97.00,49.00,6.93,1.10,0.08,0.07,1.75,5.81,1957.76
04/02/2015,23.90,6.62,86.00,53.80,6.97,1.10,0.07,0.07,1.52,4.23,3401.36
04/03/2015,24.70,6.66,80.00,45.30,6.90,1.40,0.07,0.06,1.36,5.07,2316.93
04/04/2015,25.70,6.60,80.00,43.20,6.92,1.30,0.07,0.06,1.49,3.71,1940.78
04/05/2015,26.00,6.60,81.00,147.60,6.92,1.30,0.07,0.07,1.57,4.02,2154.06
04/06/2015,25.50,6.65,86.00,137.90,6.94,1.60,0.07,0.07,1.55,4.66,3454.12
04/07/2015,19.50,6.65,80.00,59.50,6.92,1.80,0.07,0.07,1.37,4.61,8865.78
04/08/2015,15.80,6.60,72.00,28.00,6.93,1.80,0.06,0.07,1.00,2.95,3262.86
04/09/2015,14.90,6.69,68.00,33.90,6.92,2.00,0.06,0.08,1.03,2.35,1999.58
04/10/2015,15.90,6.62,89.00,43.40,6.81,2.50,0.08,0.08,1.82,2.13,1773.02
04/11/2015,15.90,6.63,88.00,26.40,6.86,1.50,0.08,0.08,1.95,2.06,1673.80
04/12/2015,18.10,6.69,92.00,23.50,6.94,1.30,0.05,0.07,1.94,2.18,1642.24
04/13/2015,17.60,6.70,74.00,19.00,6.92,0.90,0.09,0.08,1.33,2.47,1694.29
04/14/2015,15.20,6.70,69.00,36.00,7.20,0.80,0.07,0.08,1.28,2.45,2000.10
04/15/2015,17.10,6.84,45.00,33.60,9.74,0.70,0.04,0.07,0.48,1.86,1714.84
04/16/2015,21.50,6.73,44.00,40.00,11.72,0.50,0.05,0.06,0.61,1.65,1602.93
04/17/2015,20.40,6.75,47.00,40.90,10.72,0.90,0.05,0.07,0.69,2.33,1663.23
04/18/2015,20.20,6.62,47.00,35.80,10.60,0.70,0.04,0.07,0.58,2.22,1557.71
04/19/2015,21.80,6.63,49.00,44.00,11.41,0.80,0.05,0.07,0.71,2.38,1596.09
04/20/2015,22.00,6.55,49.00,64.90,9.66,2.10,0.03,0.08,0.71,2.59,2098.33
04/21/2015,19.90,6.63,45.00,57.10,9.31,2.40,0.03,0.10,0.92,2.34,2016.67
04/22/2015,20.50,6.66,91.00,53.60,9.33,2.10,0.05,0.10,0.72,2.52,1785.00
04/23/2015,19.10,6.72,46.00,32.10,9.32,0.80,0.05,0.09,0.28,2.43,1660.78
04/24/2015,18.90,6.75,48.00,28.10,9.34,0.70,0.05,0.10,0.43,2.48,1683.85
04/25/2015,19.10,6.72,48.00,31.90,9.28,1.10,0.05,0.10,0.25,2.69,1760.78
04/26/2015,20.10,6.70,50.00,24.10,9.37,1.00,0.05,0.10,0.29,2.93,1931.90
04/27/2015,21.00,6.64,54.00,14.70,9.27,0.80,0.05,0.11,0.39,3.89,1941.93
04/28/2015,20.80,6.55,50.00,21.90,9.29,2.40,0.05,0.11,0.40,9.46,8840.25
04/29/2015,23.10,6.55,50.00,18.00,9.31,2.10,0.07,0.11,0.88,38.60,11746.42
04/30/2015,23.80,6.72,44.00,24.00,9.37,1.60,0.06,0.11,0.93,34.53,10443.91
05/01/2015,23.00,6.79,47.00,15.70,9.46,1.20,0.05,0.11,0.72,2.65,2008.02
05/02/2015,23.70,6.67,41.00,18.80,9.46,1.20,0.03,0.11,0.66,2.63,3471.93
05/03/2015,24.90,6.63,42.00,19.00,9.41,1.10,0.02,0.11,0.72,3.39,2144.17
05/04/2015,21.90,6.58,47.00,19.90,9.47,1.00,0.02,0.11,1.04,4.52,7506.61
05/05/2015,19.80,6.56,62.00,50.60,9.76,3.20,0.03,0.14,1.13,4.65,7723.34
05/06/2015,21.30,6.64,86.00,23.00,8.55,1.60,0.10,0.14,2.10,2.91,2153.91
05/07/2015,23.80,6.53,45.00,39.70,8.93,1.40,0.07,0.11,0.87,3.22,1662.55
05/08/2015,22.20,6.52,45.00,27.50,8.91,1.10,0.05,0.11,0.81,3.97,1686.35
05/09/2015,23.60,6.47,39.00,56.80,8.99,3.30,0.11,0.11,0.48,4.99,1848.18
05/10/2015,22.80,6.58,40.00,31.20,8.94,1.90,0.07,0.11,0.95,5.81,1813.91
05/11/2015,23.00,6.58,39.00,107.50,8.93,1.20,0.06,0.11,0.92,26.04,1848.38
05/12/2015,22.10,6.63,45.00,42.90,8.99,2.20,0.09,0.11,1.57,18.39,2188.91
05/13/2015,22.10,6.64,79.00,45.90,8.91,0.80,0.09,0.12,2.09,10.80,1783.85
05/14/2015,24.60,6.68,81.00,45.60,8.90,0.80,0.08,0.11,1.70,12.43,1805.31
05/15/2015,27.10,6.82,75.00,53.90,8.90,0.90,0.07,0.10,1.55,13.45,2001.04
05/16/2015,26.30,6.76,77.00,48.60,8.90,0.50,0.04,0.11,4.38,13.12,1983.23
05/17/2015,27.20,6.73,61.00,48.80,8.81,0.60,0.06,0.11,4.61,13.23,1968.33
05/18/2015,25.30,6.57,68.00,44.20,9.01,0.60,0.07,0.12,3.12,17.31,1708.85
05/19/2015,24.20,6.53,37.00,55.50,8.20,4.10,0.11,0.11,0.22,21.40,1880.89
05/20/2015,24.40,6.44,47.00,23.90,8.17,2.20,0.11,0.10,0.85,2.92,1855.83
05/21/2015,19.20,6.64,25.00,48.80,8.69,3.90,0.15,0.10,0.12,3.22,2072.55
05/22/2015,19.60,6.54,59.00,132.20,8.80,2.90,0.31,0.10,,3.31,6003.91
05/23/2015,21.30,6.50,60.00,137.20,8.62,1.90,0.29,0.10,,1.97,2388.75
05/24/2015,22.70,6.47,53.00,127.10,8.71,2.00,0.26,0.10,,1.91,2262.08
05/25/2015,22.80,6.53,48.00,128.40,8.68,1.80,0.21,0.10,,1.89,2441.79
05/26/2015,22.70,6.58,52.00,129.20,8.57,1.80,0.19,0.10,0.12,1.97,7947.03
05/27/2015,23.20,6.57,59.00,111.30,8.66,1.60,0.20,0.09,0.26,2.13,2904.17
05/28/2015,25.70,6.54,51.00,61.00,8.69,1.80,0.12,0.10,0.20,2.85,2835.36
05/29/2015,27.00,6.55,56.00,56.40,8.71,1.30,0.12,0.10,0.22,4.18,4559.47
05/30/2015,25.60,6.51,58.00,65.30,8.70,1.40,0.13,0.09,0.21,4.01,4398.13
05/31/2015,24.80,6.45,39.00,95.60,8.62,3.90,0.22,0.65,,2.26,5275.46
06/01/2015,26.10,6.39,34.00,124.30,8.67,4.30,0.29,0.12,,2.19,8084.22
06/02/2015,26.90,6.51,49.00,76.20,8.65,2.60,0.19,0.09,0.70,2.51,4895.36
06/03/2015,26.70,6.51,54.00,59.40,8.70,1.90,0.19,0.09,0.73,3.40,2037.60
06/04/2015,24.20,6.43,40.00,148.50,8.66,2.70,0.19,0.09,0.35,3.73,2645.83
06/05/2015,23.80,6.52,44.00,81.90,8.65,2.50,0.14,0.09,0.31,4.68,12077.71
06/06/2015,23.90,6.52,49.00,64.90,8.79,1.90,0.13,0.09,0.41,5.37,13437.51
06/07/2015,26.00,6.62,44.00,45.10,8.73,1.80,0.09,0.09,0.34,7.13,13642.17
06/08/2015,27.20,6.67,46.00,35.10,8.79,1.70,0.06,0.09,0.40,8.19,13904.69
06/09/2015,27.30,6.69,42.00,33.50,8.79,2.50,0.08,0.09,0.52,7.59,14631.25
06/10/2015,27.10,6.64,45.00,31.60,8.65,2.40,0.09,0.09,0.58,9.58,14738.54
06/11/2015,26.90,6.61,41.00,35.00,8.72,2.90,0.09,0.09,0.46,9.26,15389.06
06/12/2015,26.40,6.55,36.00,31.40,8.64,2.40,0.07,0.09,0.38,13.34,15651.56
06/13/2015,26.20,6.52,43.00,100.70,8.73,2.40,0.18,0.09,0.51,38.08,17636.45
06/14/2015,27.50,6.55,40.00,34.10,8.70,1.60,0.07,0.09,0.47,19.59,9987.55
06/15/2015,28.60,6.60,34.00,23.10,8.61,1.40,0.05,0.09,0.44,4.06,1803.80
06/16/2015,26.30,5.92,32.00,17.40,7.76,1.20,0.04,0.08,0.40,4.13,1602.83
06/17/2015,29.10,6.59,38.00,29.20,8.72,1.20,0.03,0.13,0.58,3.83,2188.58
06/18/2015,27.90,6.78,29.00,22.10,8.75,1.40,0.02,0.15,0.25,1.72,1706.09
06/19/2015,30.40,7.32,47.00,25.20,8.75,1.50,0.01,0.10,0.43,2.31,1652.52
06/20/2015,27.00,6.53,35.00,24.40,8.80,1.50,0.01,0.09,0.17,1.35,1814.38
06/21/2015,28.40,6.48,33.00,16.90,8.75,1.50,0.02,0.09,0.22,1.81,1917.81
06/22/2015,28.10,6.47,34.00,16.00,8.82,1.50,0.02,0.09,0.29,1.92,1884.95
06/23/2015,27.90,6.43,33.00,21.00,8.86,3.10,0.03,0.09,0.31,2.03,2025.26
06/24/2015,27.70,6.45,35.00,14.80,8.78,1.80,0.02,0.09,0.32,2.02,2293.40
06/25/2015,28.80,6.47,33.00,13.10,8.81,1.70,0.02,0.09,0.36,2.19,4874.74
06/26/2015,27.60,6.49,31.00,13.40,8.71,1.30,0.03,0.09,0.41,2.24,2232.70
06/27/2015,30.40,6.63,38.00,10.20,8.79,1.20,0.02,0.09,0.41,2.77,2133.96
06/28/2015,29.30,6.51,38.00,11.00,8.83,1.20,0.02,0.25,0.39,3.22,6168.43
06/29/2015,29.80,6.48,40.00,10.50,8.61,1.20,0.05,0.70,0.46,3.44,2032.22
06/30/2015,30.40,6.57,38.00,12.80,8.43,1.00,0.04,0.08,0.45,2.60,1868.03
07/01/2015,29.80,6.53,38.00,10.20,8.42,1.30,0.03,0.08,0.53,2.57,7292.65
07/02/2015,28.00,6.49,41.00,10.90,8.44,1.50,0.03,0.08,0.54,2.43,8554.00
07/03/2015,26.60,6.40,36.00,81.10,8.34,5.30,0.20,0.09,0.53,2.65,2680.05
07/04/2015,27.10,6.37,58.00,31.70,8.40,1.70,0.10,0.08,0.59,1.96,4729.58
07/05/2015,26.60,6.47,59.00,63.90,8.42,1.70,0.13,0.09,0.60,2.02,2359.58
07/06/2015,26.90,6.63,36.00,20.00,8.40,2.00,0.07,0.42,0.59,2.05,7573.43
07/07/2015,25.30,6.45,36.00,21.40,8.44,2.00,0.06,0.10,0.40,2.02,8730.07
07/08/2015,24.40,6.51,36.00,21.50,8.44,2.00,0.06,0.10,0.44,2.04,7308.64
07/09/2015,26.30,6.52,37.00,15.40,8.41,2.60,0.04,0.10,0.44,2.03,2027.76
07/10/2015,26.90,6.53,37.00,12.40,8.37,1.80,0.05,0.10,0.44,2.00,3066.77
07/11/2015,28.00,6.54,38.00,8.80,8.42,1.40,0.03,0.09,0.45,1.95,3211.15
07/12/2015,28.10,6.58,39.00,10.90,8.41,1.10,0.03,0.09,0.44,1.97,1798.12
07/13/2015,28.50,6.60,40.00,10.00,8.34,0.90,0.03,0.10,0.44,2.02,1783.91
07/14/2015,29.70,6.58,40.00,9.00,8.40,0.90,0.03,0.10,0.44,2.03,1833.80
07/15/2015,29.50,6.58,41.00,8.40,8.40,1.00,0.03,0.10,0.44,2.25,1858.59
07/16/2015,30.10,6.57,42.00,11.70,8.38,1.20,0.04,0.10,0.43,3.22,3286.25
07/17/2015,30.40,6.59,42.00,6.80,8.40,1.50,0.03,0.10,0.45,7.90,1928.07
07/18/2015,30.30,6.63,42.00,7.90,8.39,1.60,0.03,0.10,0.44,33.97,3356.72
07/19/2015,29.70,6.52,43.00,7.20,8.32,1.60,0.03,0.09,0.44,37.11,12686.99
07/20/2015,27.00,6.40,43.00,14.20,8.48,2.90,0.04,0.10,0.43,36.83,12850.00
07/21/2015,26.70,6.40,37.00,19.10,8.39,4.80,0.06,0.10,0.43,36.37,12966.14
07/22/2015,26.40,6.68,37.00,10.80,8.44,3.60,0.04,0.10,0.44,36.92,12769.28
07/23/2015,26.70,6.68,35.00,26.90,8.46,4.30,0.07,0.10,0.87,39.58,12984.36
07/24/2015,27.20,6.45,61.00,15.40,8.30,2.50,0.05,0.10,1.23,43.89,13127.07
07/25/2015,28.10,6.72,53.00,11.60,8.46,1.70,0.05,0.09,1.20,44.61,13335.41
07/26/2015,28.80,6.82,35.00,10.40,8.35,1.60,0.02,0.43,1.02,42.16,13071.88
07/27/2015,29.40,6.85,49.00,7.50,8.32,1.30,0.01,0.71,1.20,42.45,12964.59
07/28/2015,28.00,6.79,45.00,7.30,8.42,1.60,0.03,0.43,0.79,22.19,7201.85
07/29/2015,27.80,6.62,51.00,6.90,8.49,1.00,0.05,0.10,0.44,4.94,1795.05
07/30/2015,26.60,6.71,51.00,5.80,8.83,0.70,0.04,0.10,0.46,2.99,1688.18
07/31/2015,28.10,6.69,43.00,6.80,8.74,0.70,0.03,0.11,0.59,2.06,1801.04
08/01/2015,28.80,6.86,43.00,6.80,8.77,0.80,0.03,0.11,0.34,1.99,2008.23
08/02/2015,28.80,6.73,44.00,6.90,8.78,0.70,0.03,0.11,0.20,1.93,2156.67
08/03/2015,29.80,7.10,44.00,5.90,8.77,0.70,0.03,0.11,0.24,1.99,6263.48
08/04/2015,30.00,7.06,45.00,4.80,8.83,0.60,0.03,0.11,0.29,2.07,2034.53
08/05/2015,30.10,7.09,44.00,4.90,8.77,0.80,0.03,0.11,0.35,2.05,1914.22
08/06/2015,28.60,6.81,45.00,5.30,8.78,1.00,0.03,0.15,0.47,2.01,1973.80
08/07/2015,27.10,6.80,45.00,13.20,8.69,1.40,0.05,0.13,0.34,2.17,2183.00
08/08/2015,25.80,6.76,44.00,12.30,8.79,2.20,0.05,0.10,0.37,2.58,6343.96
08/09/2015,24.70,6.65,31.00,36.70,8.78,6.00,0.11,0.14,0.45,2.97,2423.03
08/10/2015,26.70,6.65,34.00,13.40,8.75,3.00,0.06,0.10,0.40,2.41,2193.52
08/11/2015,27.10,6.56,44.00,10.50,8.87,1.70,0.05,0.09,0.43,2.31,2052.14
08/12/2015,28.20,6.74,41.00,22.20,8.83,1.20,0.04,0.10,0.45,2.31,2160.99
08/13/2015,28.10,6.96,39.00,6.10,8.74,0.90,0.04,0.41,0.23,2.52,2246.72
08/14/2015,27.10,6.98,38.00,9.70,8.63,2.60,0.05,0.20,0.24,2.54,2461.61
08/15/2015,28.50,6.90,39.00,12.80,8.20,4.10,0.07,0.18,0.19,2.04,3862.80
08/16/2015,27.50,6.60,49.00,2.60,8.78,0.90,0.06,0.10,0.56,2.00,1920.52
08/17/2015,27.80,6.63,51.00,4.20,8.78,0.90,0.07,0.10,0.59,2.05,2052.92
08/18/2015,27.90,6.47,52.00,4.90,8.80,1.20,0.08,0.10,0.68,2.13,2264.95
08/19/2015,27.80,6.54,53.00,3.50,8.86,0.70,0.08,0.11,0.67,2.32,2601.56
08/20/2015,28.40,6.64,55.00,1.70,8.77,,0.06,0.10,0.66,2.70,6524.94
08/21/2015,28.60,6.67,57.00,0.70,8.78,,0.05,0.10,0.67,2.93,13665.11
08/22/2015,28.30,6.70,58.00,0.30,8.79,0.50,0.05,0.10,0.64,4.79,13821.88
08/23/2015,28.00,6.75,53.00,2.20,8.82,0.80,0.05,0.10,0.49,6.11,13721.35
08/24/2015,26.90,6.63,48.00,12.10,8.79,3.20,0.10,0.11,0.50,4.77,10288.41
08/25/2015,27.10,6.43,61.00,3.90,,2.20,0.06,0.12,0.89,2.75,2755.41
08/26/2015,23.90,5.69,52.00,2.90,,1.20,0.06,0.10,1.17,2.03,1995.72
08/27/2015,27.70,6.73,67.00,7.20,,0.90,0.08,0.08,0.86,3.20,2355.99
08/28/2015,26.70,6.51,65.00,1.60,,0.70,0.07,0.08,0.95,2.87,2093.75
08/29/2015,25.00,6.48,67.00,4.60,,0.50,0.07,0.09,1.00,2.98,2083.23
08/30/2015,25.50,6.57,71.00,6.70,5.40,0.70,0.07,0.09,1.00,3.61,6221.40
08/31/2015,25.30,6.56,73.00,7.00,5.40,,0.08,0.09,1.05,17.96,13153.64
09/01/2015,25.40,6.57,75.00,9.20,5.40,,0.07,0.09,1.06,16.01,9286.09
09/02/2015,25.60,6.58,74.00,33.00,6.13,,0.07,0.09,1.04,1.79,2222.24
09/03/2015,26.30,6.67,74.00,3.40,7.42,,0.07,0.09,1.03,2.14,2402.60
09/04/2015,26.40,6.74,77.00,1.90,7.36,,0.07,0.09,1.01,2.91,8709.28
09/05/2015,26.60,6.96,58.00,6.80,7.41,0.70,0.06,0.09,0.60,3.04,8791.92
09/06/2015,26.10,7.06,43.00,8.40,7.38,0.80,0.03,0.07,0.24,3.29,4060.14
09/07/2015,26.70,7.37,38.00,11.40,7.43,0.90,0.03,0.11,0.22,4.43,3204.46
09/08/2015,26.70,7.18,43.00,16.80,7.47,1.30,0.03,0.10,0.67,2.82,564.44
09/09/2015,27.00,7.15,40.00,13.70,7.45,0.90,0.03,0.09,0.50,2.64,516.58
09/10/2015,27.20,6.91,41.00,9.90,7.27,0.70,0.02,0.09,0.49,2.64,480.70
09/11/2015,27.00,6.97,41.00,6.50,7.39,0.60,0.02,0.09,0.50,3.52,477.53
09/12/2015,25.80,6.91,42.00,13.90,7.43,0.80,0.03,0.09,0.47,4.76,504.84
09/13/2015,24.20,6.80,42.00,16.90,7.44,1.80,0.03,0.09,0.51,5.24,965.47
09/14/2015,23.50,6.82,41.00,11.80,7.35,0.90,0.02,0.09,0.50,5.80,540.05
09/15/2015,26.00,6.99,42.00,11.80,7.42,0.70,0.02,0.08,0.52,7.94,549.36
09/16/2015,25.50,6.94,43.00,9.60,7.45,1.00,0.03,0.09,0.50,7.90,993.39
09/17/2015,25.80,6.98,43.00,9.30,7.40,0.80,0.02,0.09,0.50,6.94,629.14
09/18/2015,25.60,7.22,44.00,16.10,7.48,0.80,0.03,0.08,0.50,6.90,1831.75
09/19/2015,25.30,6.82,69.00,9.20,7.47,0.70,0.05,0.08,0.96,3.61,779.85
09/20/2015,22.60,6.80,75.00,11.80,7.33,0.60,0.06,0.08,1.08,2.77,1414.49
09/21/2015,22.70,6.77,74.00,12.90,7.43,0.50,0.07,0.08,1.13,2.93,608.94
09/22/2015,24.30,6.76,78.00,11.40,7.47,,0.08,0.08,1.20,3.78,620.92
09/23/2015,26.00,6.79,74.00,10.60,7.40,0.50,0.07,0.26,1.13,3.64,649.20
09/24/2015,26.40,6.93,50.00,16.20,7.48,1.20,0.05,0.10,0.81,3.76,1062.38
09/25/2015,25.70,7.03,66.00,8.10,7.28,1.20,0.05,0.11,0.92,3.40,560.64
09/26/2015,24.70,7.04,75.00,5.60,7.44,1.10,0.05,0.12,1.02,3.30,603.34
09/27/2015,25.40,6.98,67.00,6.20,7.41,0.90,0.05,0.12,0.91,3.76,606.69
09/28/2015,24.10,6.90,45.00,10.80,7.42,1.10,0.04,0.12,0.54,3.87,996.70
09/29/2015,24.10,6.69,34.00,61.40,7.46,3.10,0.08,0.11,0.29,15.45,723.72
09/30/2015,24.80,6.63,37.00,46.80,7.33,3.60,0.08,0.12,0.59,20.39,2515.75
10/01/2015,24.90,6.92,30.00,25.80,7.40,2.10,0.04,0.12,0.59,2.94,590.75
10/02/2015,23.90,7.05,31.00,23.20,7.37,2.10,0.04,0.12,0.57,2.87,523.15
10/03/2015,24.40,7.21,32.00,20.80,7.41,1.60,0.03,0.12,0.56,2.80,509.15
10/04/2015,25.90,7.18,34.00,18.20,7.40,1.30,0.03,0.12,0.54,3.13,543.62
10/05/2015,25.50,7.05,36.00,20.60,7.37,1.30,0.04,0.12,0.51,2.73,566.92
10/06/2015,25.60,6.85,37.00,16.20,7.36,1.20,0.03,0.12,0.50,2.58,537.45
10/07/2015,24.70,6.83,38.00,18.60,7.46,1.30,0.03,0.12,0.49,2.67,515.51
10/08/2015,24.60,6.83,38.00,21.70,7.42,2.50,0.03,0.12,0.49,2.88,562.88
10/09/2015,23.00,6.85,37.00,34.10,7.42,2.80,0.04,0.12,0.46,2.97,586.63
10/10/2015,22.30,7.08,40.00,30.60,7.39,2.70,0.04,0.12,0.56,2.50,577.35
10/11/2015,21.60,7.16,36.00,25.20,7.35,1.40,0.03,0.13,0.50,2.47,536.52
10/12/2015,20.80,7.16,37.00,23.20,7.45,1.30,0.03,0.13,0.55,2.56,551.19
10/13/2015,20.50,7.46,37.00,18.60,7.37,1.30,0.02,0.13,0.48,2.50,545.27
10/14/2015,21.40,7.52,38.00,21.50,7.49,1.40,0.02,0.13,0.48,2.54,578.67
10/15/2015,21.40,7.50,38.00,17.20,7.48,2.00,0.02,0.13,0.49,2.49,660.90
10/16/2015,21.30,7.13,39.00,14.00,7.34,1.90,0.02,0.13,0.47,2.32,542.65
10/17/2015,21.10,7.14,39.00,13.50,7.44,1.90,0.02,0.13,0.48,2.37,532.31
10/18/2015,20.90,7.52,39.00,15.40,7.36,1.90,0.02,0.13,0.47,2.41,546.88
10/19/2015,21.30,7.52,40.00,13.10,7.34,1.80,0.02,0.13,0.47,2.42,546.59
10/20/2015,21.50,7.43,40.00,16.30,7.50,1.80,0.02,0.13,0.48,2.45,577.81
10/21/2015,23.00,7.47,41.00,13.50,7.32,1.80,0.02,0.14,0.47,2.61,592.01
10/22/2015,22.10,7.43,41.00,22.50,7.39,1.80,0.02,0.13,0.46,2.72,603.15
10/23/2015,21.90,7.26,41.00,12.00,7.49,1.80,0.02,0.14,0.46,2.79,619.97
10/24/2015,23.50,7.23,42.00,23.20,7.39,1.90,0.02,0.16,0.47,2.89,663.14
10/25/2015,23.20,7.19,42.00,11.70,7.32,1.90,0.02,0.12,0.46,2.38,599.32
10/26/2015,22.40,7.27,43.00,11.80,7.52,1.40,0.02,0.12,0.50,2.27,546.88
10/27/2015,23.10,7.18,46.00,12.30,7.59,1.00,0.02,0.11,0.59,2.08,585.84
10/28/2015,22.50,7.34,43.00,63.00,7.55,1.30,0.02,0.11,0.79,2.34,574.70
10/29/2015,23.00,7.40,43.00,11.40,7.40,1.60,0.02,0.11,0.54,2.40,594.87
10/30/2015,21.90,7.00,42.00,157.20,7.43,5.00,0.05,0.11,0.73,2.76,725.89
10/31/2015,19.90,7.03,51.00,52.50,7.40,2.90,0.08,0.12,0.83,2.47,998.59
11/01/2015,18.70,7.16,29.00,40.60,7.36,2.90,0.04,0.13,0.61,2.32,578.46
11/02/2015,16.80,6.67,27.00,26.80,7.47,1.70,0.03,0.12,0.55,2.15,529.83
11/03/2015,18.80,7.37,35.00,24.10,7.43,1.40,0.03,0.13,0.64,2.39,603.60
11/04/2015,19.50,7.28,60.00,16.90,7.48,1.40,0.05,0.13,0.91,2.39,609.78
11/05/2015,21.40,7.72,34.00,17.30,7.47,1.30,0.03,0.13,0.55,2.53,641.57
11/06/2015,23.30,7.76,35.00,15.60,7.43,1.40,0.03,0.13,0.54,2.69,2647.26
11/07/2015,24.20,7.58,37.00,12.70,7.32,1.20,0.02,0.13,0.58,2.64,2216.56
11/08/2015,23.90,7.42,38.00,12.50,7.45,1.20,0.02,0.13,0.84,2.92,532.91
11/09/2015,23.10,7.48,38.00,14.10,7.27,1.30,0.02,0.13,0.73,2.93,524.14
11/10/2015,20.80,7.43,38.00,13.90,7.37,1.20,0.02,0.14,0.51,2.88,526.79
11/11/2015,18.70,7.45,38.00,19.20,7.34,1.80,0.03,0.14,0.51,2.67,525.99
11/12/2015,18.80,7.23,66.00,23.80,7.45,4.20,0.06,0.14,0.95,2.40,535.80
11/13/2015,20.20,7.20,70.00,15.30,7.49,1.70,0.06,0.14,1.07,2.27,506.52
11/14/2015,20.40,7.37,92.00,10.20,7.38,1.60,0.08,0.14,1.21,2.82,518.92
11/15/2015,21.80,7.46,90.00,8.80,7.41,1.30,0.08,0.14,1.23,3.30,560.53
11/16/2015,21.70,7.47,81.00,8.80,7.46,1.00,0.07,0.14,1.18,2.59,523.43
11/17/2015,22.80,7.52,68.00,45.10,7.37,0.80,0.05,0.14,1.11,2.54,498.78
11/18/2015,22.70,7.78,40.00,15.20,7.42,0.80,0.05,0.14,0.84,2.84,969.64
11/19/2015,22.60,7.81,40.00,15.80,7.51,0.80,0.03,0.14,0.70,2.57,541.03
11/20/2015,22.00,7.79,39.00,16.10,7.57,0.80,0.03,0.14,0.69,2.55,512.69
11/21/2015,21.20,7.86,37.00,18.50,7.24,0.80,0.03,0.14,0.70,2.40,509.75
11/22/2015,21.60,7.91,38.00,19.30,7.38,1.20,0.03,0.14,0.55,2.51,516.68
11/23/2015,20.70,7.70,38.00,19.30,7.35,0.70,0.03,0.14,0.56,2.46,521.74
11/24/2015,21.60,7.74,39.00,14.90,7.46,,0.02,0.14,0.59,2.60,529.83
11/25/2015,18.50,7.57,38.00,17.90,7.51,,0.02,0.14,0.60,2.53,543.00
11/26/2015,15.20,7.97,37.00,20.70,7.32,0.80,0.02,0.14,0.57,2.35,544.11
11/27/2015,13.90,7.52,37.00,24.00,7.36,1.10,0.02,0.14,0.49,2.39,537.53
11/28/2015,15.90,7.52,36.00,23.20,7.38,,0.02,0.14,0.51,2.51,546.94
11/29/2015,16.70,7.23,37.00,20.40,7.39,1.40,0.04,0.18,0.51,2.51,527.67
11/30/2015,14.80,6.55,37.00,18.90,7.34,1.80,0.02,0.37,0.38,2.33,490.63
12/01/2015,18.50,6.86,37.00,19.50,7.43,1.60,0.02,0.34,0.54,2.65,522.83
12/02/2015,17.60,6.72,38.00,15.90,7.40,1.30,0.02,0.19,0.70,2.14,480.73
12/03/2015,17.00,6.69,38.00,19.30,7.43,1.80,0.02,0.19,1.01,2.15,481.89
12/04/2015,16.70,6.57,56.00,14.60,7.26,1.50,0.03,0.19,0.97,1.98,462.47
12/05/2015,14.70,6.54,45.00,20.50,7.43,1.60,0.03,0.19,0.36,2.02,465.18
12/06/2015,13.80,6.40,68.00,37.10,7.46,3.30,0.07,0.19,0.78,2.10,463.39
12/07/2015,14.60,6.52,83.00,23.60,7.33,2.40,0.07,0.20,1.02,2.13,467.79
12/08/2015,15.00,6.64,83.00,22.20,7.40,1.90,0.08,0.19,1.06,2.18,475.42
12/09/2015,14.80,6.64,86.00,21.80,7.36,2.00,0.09,0.19,1.33,2.22,471.70
12/10/2015,15.80,6.71,83.00,27.50,7.31,2.40,0.09,0.20,1.63,2.46,489.43
12/11/2015,15.40,6.80,81.00,27.90,7.35,2.00,0.08,0.21,2.31,2.35,492.70
12/12/2015,15.50,6.81,84.00,29.80,7.49,2.00,0.09,0.22,2.72,2.61,513.68
12/13/2015,16.20,6.83,84.00,29.70,7.27,2.00,0.10,0.22,2.94,2.73,520.89
12/14/2015,16.30,6.85,83.00,28.50,7.38,2.00,0.09,0.21,2.14,3.52,535.11
12/15/2015,14.70,6.66,66.00,45.80,7.45,1.90,0.07,0.20,1.57,3.28,591.74
12/16/2015,14.00,6.44,26.00,35.70,7.58,1.50,0.03,0.19,0.95,3.31,644.77
12/17/2015,10.50,6.46,28.00,42.40,7.54,1.30,0.02,0.19,0.98,2.42,1374.36
12/18/2015,9.50,6.56,29.00,40.10,7.66,0.80,0.04,0.19,0.95,2.35,582.24
12/19/2015,11.90,6.66,30.00,38.60,7.64,0.70,0.02,0.19,1.11,2.42,946.09
12/20/2015,14.00,6.40,28.00,34.90,7.75,0.80,0.02,0.18,0.97,2.55,545.31
12/21/2015,15.60,6.54,29.00,33.10,7.52,0.70,0.02,0.17,1.00,2.72,574.10
12/22/2015,16.00,6.59,35.00,31.40,7.51,1.00,0.05,0.17,0.99,2.78,564.88
12/23/2015,16.80,6.49,53.00,29.80,7.57,1.20,0.05,0.16,0.97,3.53,590.64
12/24/2015,17.20,6.52,60.00,30.30,7.65,1.20,0.06,0.16,1.04,3.93,1010.40
12/25/2015,14.90,6.55,71.00,29.80,7.57,1.20,0.09,0.17,0.98,4.91,3810.26
12/26/2015,13.80,6.50,63.00,32.20,7.56,1.20,0.08,0.18,1.13,4.56,2447.58
12/27/2015,14.20,6.68,57.00,34.30,7.51,1.00,0.06,0.19,1.01,2.28,675.32
12/28/2015,14.30,6.72,57.00,36.50,7.70,0.70,0.06,0.18,0.49,2.15,561.64
12/29/2015,13.40,6.67,57.00,34.90,7.59,,0.06,0.19,0.49,1.96,595.70
12/30/2015,13.50,6.64,57.00,34.90,7.59,0.50,0.07,0.19,0.52,1.93,485.73
12/31/2015,11.20,5.33,46.00,27.80,7.67,0.50,0.05,0.15,0.44,1.59,381.21
